[
    {
        "id":1,
        "title":"Web Development",
        "image":"https://media.geeksforgeeks.org/wp-content/cdn-uploads/20210310114057/web-development-image.png",
        "description":"Lorem Ipsum is simply dummy text of the printing and typesetting industry. Lorem Ipsum has been the industry's standard dummy text ever since the 1500s, when an unknown printer took a galley of type and scrambled it to make a type specimen book. It has survived not only five centuries, but also the leap into electronic typesetting"
    },
    {
        "id":2,
        "title":"App Development",
        "image":"https://reliasoftware.com/static/9ce8aa204a21e69716018fee472b042c/the-complete-guide-to-mobile-app-development-2021.png",
        "description":"Lorem Ipsum is simply dummy text of the printing and typesetting industry. Lorem Ipsum has been the industry's standard dummy text ever since the 1500s, when an unknown printer took a galley of type and scrambled it to make a type specimen book. It has survived not only five centuries, but also the leap into electronic typesetting"
    },
    {
        "id":3,
        "title":"Software Devalopment",
        "image":"https://okcredit-blog-images-prod.storage.googleapis.com/2021/03/Software-Development-Business1--1-.jpg",
        "description":"Lorem Ipsum is simply dummy text of the printing and typesetting industry. Lorem Ipsum has been the industry's standard dummy text ever since the 1500s, when an unknown printer took a galley of type and scrambled it to make a type specimen book. It has survived not only five centuries, but also the leap into electronic typesetting"
    },
    {
    "id":4,
    "title":"Digital Marketing",
    "image":"https://www.simplilearn.com/ice9/free_resources_article_thumb/history_and_evolution_of_digital_marketing.jpg",
    "description":"Lorem Ipsum is simply dummy text of the printing and typesetting industry. Lorem Ipsum has been the industry's standard dummy text ever since the 1500s, when an unknown printer took a galley of type and scrambled it to make a type specimen book. It has survived not only five centuries, but also the leap into electronic typesetting"
    },
    {
        "id":5,
        "title":"Graphic Designer",
        "image":"https://img.freepik.com/free-vector/cartoon-graphic-design-landing-page_52683-70881.jpg",
        "description":"Lorem Ipsum is simply dummy text of the printing and typesetting industry. Lorem Ipsum has been the industry's standard dummy text ever since the 1500s, when an unknown printer took a galley of type and scrambled it to make a type specimen book. It has survived not only five centuries, but also the leap into electronic typesetting"
    },
    {
        "id":6,
        "title":"UI developer",
        "image":"https://i.ytimg.com/vi/mYp11gGzgmQ/maxresdefault.jpg",
        "description":"Lorem Ipsum is simply dummy text of the printing and typesetting industry. Lorem Ipsum has been the industry's standard dummy text ever since the 1500s, when an unknown printer took a galley of type and scrambled it to make a type specimen book. It has survived not only five centuries, but also the leap into electronic typesetting"
    },
    {
        "id":7,
        "title":"UX developer",
        "image":"https://thisisglance.com/wp-content/uploads/2020/03/10-what-is-ux-design.jpg",
        "description":"Lorem Ipsum is simply dummy text of the printing and typesetting industry. Lorem Ipsum has been the industry's standard dummy text ever since the 1500s, when an unknown printer took a galley of type and scrambled it to make a type specimen book. It has survived not only five centuries, but also the leap into electronic typesetting"
    }
]